kodewil_susenaspre2022,total_cat,filled_susenas,filled_ski,empty_both,susenas_perc,ski_perc,sus_ski_rat,sus_ski_dev
1101,249,236,224,15,0.947791164658635,0.899598393574297,1.05357142857143,0.0481927710843374
1102,254,245,241,10,0.964566929133858,0.948818897637795,1.01659751037344,0.015748031496063
1103,260,233,253,4,0.896153846153846,0.973076923076923,0.920948616600791,-0.0769230769230769
1104,256,233,218,8,0.91015625,0.8515625,1.06880733944954,0.05859375
1105,259,237,246,5,0.915057915057915,0.94980694980695,0.963414634146341,-0.0347490347490348
1106,259,239,234,5,0.922779922779923,0.903474903474903,1.02136752136752,0.0193050193050194
1107,261,255,247,3,0.977011494252874,0.946360153256705,1.03238866396761,0.0306513409961686
1108,262,253,252,2,0.965648854961832,0.961832061068702,1.00396825396825,0.00381679389312972
1109,259,243,248,5,0.938223938223938,0.957528957528958,0.979838709677419,-0.0193050193050193
1110,263,251,244,1,0.954372623574145,0.927756653992395,1.02868852459016,0.0266159695817491
1111,257,245,246,7,0.953307392996109,0.957198443579767,0.995934959349593,-0.00389105058365757
1112,257,230,249,7,0.894941634241245,0.968871595330739,0.923694779116466,-0.0739299610894941
1113,245,226,226,19,0.922448979591837,0.922448979591837,1,0
1114,261,256,253,3,0.980842911877395,0.969348659003831,1.01185770750988,0.0114942528735632
1115,258,197,251,6,0.763565891472868,0.972868217054264,0.784860557768924,-0.209302325581395
1116,250,212,235,14,0.848,0.94,0.902127659574468,-0.092
1117,251,233,235,13,0.928286852589641,0.936254980079681,0.991489361702128,-0.00796812749003983
1118,261,205,253,3,0.78544061302682,0.969348659003831,0.810276679841897,-0.183908045977012
1171,161,131,160,103,0.813664596273292,0.993788819875776,0.81875,-0.180124223602484
1172,259,241,236,5,0.930501930501931,0.911196911196911,1.02118644067797,0.0193050193050194
1173,245,239,182,19,0.975510204081633,0.742857142857143,1.31318681318681,0.23265306122449
1174,254,247,211,10,0.97244094488189,0.830708661417323,1.17061611374408,0.141732283464567
1175,253,234,238,11,0.924901185770751,0.940711462450593,0.983193277310924,-0.0158102766798419
1201,218,207,166,46,0.94954128440367,0.761467889908257,1.24698795180723,0.188073394495413
1202,260,253,250,4,0.973076923076923,0.961538461538461,1.012,0.0115384615384615
1203,242,201,211,22,0.830578512396694,0.871900826446281,0.95260663507109,-0.0413223140495868
1204,262,257,254,2,0.980916030534351,0.969465648854962,1.01181102362205,0.0114503816793894
1205,257,241,229,7,0.937743190661479,0.891050583657588,1.05240174672489,0.046692607003891
1206,260,251,244,4,0.965384615384615,0.938461538461539,1.02868852459016,0.0269230769230769
1207,260,258,249,4,0.992307692307692,0.957692307692308,1.03614457831325,0.0346153846153846
1208,264,259,252,0,0.981060606060606,0.954545454545455,1.02777777777778,0.0265151515151515
1209,263,262,252,1,0.996197718631179,0.958174904942966,1.03968253968254,0.0380228136882129
1210,261,259,228,3,0.992337164750958,0.873563218390805,1.1359649122807,0.118773946360153
1211,258,253,247,6,0.98062015503876,0.957364341085271,1.02429149797571,0.0232558139534883
1212,261,255,228,3,0.977011494252874,0.873563218390805,1.11842105263158,0.103448275862069
1213,263,259,260,1,0.984790874524715,0.988593155893536,0.996153846153846,-0.00380228136882133
1214,237,209,215,27,0.881856540084388,0.907172995780591,0.972093023255814,-0.0253164556962026
1215,248,237,216,16,0.955645161290323,0.870967741935484,1.09722222222222,0.0846774193548388
1216,243,227,201,21,0.934156378600823,0.82716049382716,1.12935323383085,0.106995884773663
1217,251,205,240,13,0.816733067729084,0.956175298804781,0.854166666666667,-0.139442231075697
1218,261,256,254,3,0.980842911877395,0.973180076628353,1.00787401574803,0.0076628352490421
1219,259,256,237,5,0.988416988416988,0.915057915057915,1.08016877637131,0.0733590733590734
1220,239,201,229,25,0.841004184100419,0.9581589958159,0.877729257641921,-0.117154811715481
1221,253,232,219,11,0.91699604743083,0.865612648221344,1.05936073059361,0.0513833992094862
1222,256,248,240,8,0.96875,0.9375,1.03333333333333,0.03125
1223,262,255,249,2,0.973282442748092,0.950381679389313,1.02409638554217,0.0229007633587787
1224,220,210,166,44,0.954545454545455,0.754545454545455,1.26506024096386,0.2
1225,132,132,131,132,1,0.992424242424242,1.00763358778626,0.00757575757575757
1271,132,132,129,132,1,0.977272727272727,1.02325581395349,0.0227272727272727
1272,130,130,128,134,1,0.984615384615385,1.015625,0.0153846153846153
1273,199,132,199,65,0.663316582914573,1,0.663316582914573,-0.336683417085427
1274,132,131,129,132,0.992424242424242,0.977272727272727,1.01550387596899,0.0151515151515151
1275,132,132,132,132,1,1,1,0
1276,132,131,132,132,0.992424242424242,1,0.992424242424242,-0.00757575757575757
1277,259,250,243,5,0.965250965250965,0.938223938223938,1.02880658436214,0.027027027027027
1278,260,252,251,4,0.969230769230769,0.965384615384615,1.00398406374502,0.00384615384615383
1301,246,209,233,18,0.849593495934959,0.947154471544715,0.896995708154507,-0.0975609756097561
1302,261,249,257,3,0.954022988505747,0.984674329501916,0.968871595330739,-0.0306513409961686
1303,256,202,248,8,0.7890625,0.96875,0.814516129032258,-0.1796875
1304,252,238,241,12,0.944444444444444,0.956349206349206,0.987551867219917,-0.011904761904762
1305,264,254,260,0,0.962121212121212,0.984848484848485,0.976923076923077,-0.0227272727272727
1306,263,261,261,1,0.992395437262357,0.992395437262357,1,0
1307,263,257,261,1,0.977186311787072,0.992395437262357,0.984674329501916,-0.0152091254752852
1308,260,208,257,4,0.8,0.988461538461539,0.809338521400778,-0.188461538461538
1309,261,232,259,3,0.888888888888889,0.992337164750958,0.895752895752896,-0.103448275862069
1310,262,250,250,2,0.954198473282443,0.954198473282443,1,0
1311,263,258,251,1,0.980988593155893,0.954372623574145,1.02788844621514,0.0266159695817489
1312,262,236,255,2,0.900763358778626,0.973282442748092,0.925490196078431,-0.0725190839694657
1371,227,205,185,37,0.903083700440529,0.814977973568282,1.10810810810811,0.0881057268722467
1372,132,132,129,132,1,0.977272727272727,1.02325581395349,0.0227272727272727
1373,263,261,254,1,0.992395437262357,0.965779467680608,1.02755905511811,0.0266159695817491
1374,132,131,131,132,0.992424242424242,0.992424242424242,1,0
1375,132,131,130,132,0.992424242424242,0.984848484848485,1.00769230769231,0.00757575757575757
1376,229,215,169,35,0.938864628820961,0.737991266375546,1.27218934911243,0.200873362445415
1377,256,243,219,8,0.94921875,0.85546875,1.10958904109589,0.09375
1401,253,236,225,11,0.932806324110672,0.889328063241107,1.04888888888889,0.0434782608695653
1402,257,245,247,7,0.953307392996109,0.961089494163424,0.991902834008097,-0.00778210116731515
1403,258,253,242,6,0.98062015503876,0.937984496124031,1.04545454545455,0.0426356589147287
1404,253,233,237,11,0.920948616600791,0.936758893280632,0.983122362869198,-0.0158102766798419
1405,256,250,242,8,0.9765625,0.9453125,1.03305785123967,0.03125
1406,258,252,241,6,0.976744186046512,0.934108527131783,1.04564315352697,0.0426356589147287
1407,256,239,243,8,0.93359375,0.94921875,0.983539094650206,-0.015625
1408,259,257,244,5,0.992277992277992,0.942084942084942,1.05327868852459,0.0501930501930502
1409,261,255,250,3,0.977011494252874,0.957854406130268,1.02,0.0191570881226054
1410,261,255,240,3,0.977011494252874,0.919540229885057,1.0625,0.0574712643678161
1471,231,207,190,33,0.896103896103896,0.822510822510823,1.08947368421053,0.0735930735930736
1473,254,250,228,10,0.984251968503937,0.897637795275591,1.09649122807018,0.0866141732283465
1501,262,198,258,2,0.755725190839695,0.984732824427481,0.767441860465116,-0.229007633587786
1502,258,234,244,6,0.906976744186047,0.945736434108527,0.959016393442623,-0.0387596899224807
1503,252,229,236,12,0.908730158730159,0.936507936507937,0.970338983050847,-0.0277777777777778
1504,256,229,245,8,0.89453125,0.95703125,0.93469387755102,-0.0625
1505,253,209,247,11,0.826086956521739,0.976284584980237,0.846153846153846,-0.150197628458498
1506,260,249,226,4,0.957692307692308,0.869230769230769,1.10176991150442,0.0884615384615385
1507,258,250,241,6,0.968992248062015,0.934108527131783,1.03734439834025,0.0348837209302325
1508,252,237,231,12,0.940476190476191,0.916666666666667,1.02597402597403,0.0238095238095238
1509,259,245,245,5,0.945945945945946,0.945945945945946,1,0
1571,132,132,130,132,1,0.984848484848485,1.01538461538462,0.0151515151515151
1572,264,258,243,0,0.977272727272727,0.920454545454545,1.06172839506173,0.0568181818181819
1601,261,257,256,3,0.984674329501916,0.980842911877395,1.00390625,0.00383141762452111
1602,256,243,241,8,0.94921875,0.94140625,1.00829875518672,0.0078125
1603,260,252,256,4,0.969230769230769,0.984615384615385,0.984375,-0.0153846153846154
1604,258,254,248,6,0.984496124031008,0.961240310077519,1.0241935483871,0.0232558139534883
1605,244,199,234,20,0.815573770491803,0.959016393442623,0.85042735042735,-0.14344262295082
1606,250,243,228,14,0.972,0.912,1.06578947368421,0.06
1607,260,245,255,4,0.942307692307692,0.980769230769231,0.96078431372549,-0.0384615384615384
1608,250,204,239,14,0.816,0.956,0.853556485355649,-0.14
1609,260,237,251,4,0.911538461538461,0.965384615384615,0.944223107569721,-0.0538461538461539
1610,263,252,258,1,0.958174904942966,0.980988593155893,0.976744186046512,-0.0228136882129277
1611,255,203,248,9,0.796078431372549,0.972549019607843,0.818548387096774,-0.176470588235294
1612,261,228,253,3,0.873563218390805,0.969348659003831,0.901185770750988,-0.0957854406130267
1613,247,217,233,17,0.878542510121458,0.94331983805668,0.931330472103004,-0.0647773279352227
1671,132,132,132,132,1,1,1,0
1672,255,242,245,9,0.949019607843137,0.96078431372549,0.987755102040816,-0.011764705882353
1673,260,252,256,4,0.969230769230769,0.984615384615385,0.984375,-0.0153846153846154
1674,257,251,235,7,0.976653696498054,0.914396887159533,1.06808510638298,0.0622568093385214
1701,260,256,248,4,0.984615384615385,0.953846153846154,1.03225806451613,0.0307692307692308
1702,261,253,251,3,0.969348659003831,0.961685823754789,1.00796812749004,0.0076628352490421
1703,258,247,234,6,0.957364341085271,0.906976744186047,1.05555555555556,0.0503875968992249
1704,245,203,233,19,0.828571428571429,0.951020408163265,0.871244635193133,-0.122448979591837
1705,249,199,232,15,0.799196787148594,0.931726907630522,0.857758620689655,-0.132530120481928
1706,254,237,218,10,0.933070866141732,0.858267716535433,1.08715596330275,0.0748031496062992
1707,259,238,251,5,0.918918918918919,0.969111969111969,0.948207171314741,-0.0501930501930501
1708,261,251,246,3,0.961685823754789,0.942528735632184,1.02032520325203,0.0191570881226054
1709,254,211,250,10,0.830708661417323,0.984251968503937,0.844,-0.153543307086614
1771,221,203,170,43,0.918552036199095,0.769230769230769,1.19411764705882,0.149321266968326
1801,248,208,235,16,0.838709677419355,0.94758064516129,0.885106382978723,-0.108870967741936
1802,261,245,256,3,0.938697318007663,0.980842911877395,0.95703125,-0.0421455938697317
1803,263,259,252,1,0.984790874524715,0.958174904942966,1.02777777777778,0.0266159695817491
1804,262,235,258,2,0.896946564885496,0.984732824427481,0.910852713178295,-0.0877862595419847
1805,262,236,259,2,0.900763358778626,0.988549618320611,0.911196911196911,-0.0877862595419848
1806,261,252,254,3,0.96551724137931,0.973180076628353,0.992125984251969,-0.0076628352490421
1807,253,206,238,11,0.814229249011858,0.940711462450593,0.865546218487395,-0.126482213438735
1808,255,241,229,9,0.945098039215686,0.898039215686275,1.05240174672489,0.0470588235294117
1809,261,200,260,3,0.766283524904215,0.996168582375479,0.769230769230769,-0.229885057471264
1810,262,258,256,2,0.984732824427481,0.977099236641221,1.0078125,0.00763358778625956
1811,242,203,230,22,0.838842975206612,0.950413223140496,0.882608695652174,-0.111570247933884
1812,259,210,254,5,0.810810810810811,0.980694980694981,0.826771653543307,-0.16988416988417
1813,253,241,227,11,0.952569169960474,0.897233201581028,1.06167400881057,0.0553359683794467
1871,132,132,132,132,1,1,1,0
1872,132,132,132,132,1,1,1,0
1901,261,256,251,3,0.980842911877395,0.961685823754789,1.0199203187251,0.0191570881226053
1902,262,257,250,2,0.980916030534351,0.954198473282443,1.028,0.0267175572519084
1903,259,252,249,5,0.972972972972973,0.961389961389961,1.01204819277108,0.0115830115830117
1904,259,243,250,5,0.938223938223938,0.965250965250965,0.972,-0.027027027027027
1905,260,241,253,4,0.926923076923077,0.973076923076923,0.952569169960474,-0.0461538461538461
1906,263,259,257,1,0.984790874524715,0.977186311787072,1.00778210116732,0.00760456273764254
1971,132,131,132,132,0.992424242424242,1,0.992424242424242,-0.00757575757575757
2101,259,244,253,5,0.942084942084942,0.976833976833977,0.964426877470356,-0.0347490347490348
2102,252,233,231,12,0.924603174603175,0.916666666666667,1.00865800865801,0.00793650793650802
2103,259,251,252,5,0.969111969111969,0.972972972972973,0.996031746031746,-0.00386100386100396
2104,264,259,250,0,0.981060606060606,0.946969696969697,1.036,0.0340909090909091
2105,258,250,241,6,0.968992248062015,0.934108527131783,1.03734439834025,0.0348837209302325
2171,220,208,158,44,0.945454545454546,0.718181818181818,1.31645569620253,0.227272727272727
2172,216,198,172,48,0.916666666666667,0.796296296296296,1.15116279069767,0.12037037037037
3101,131,130,129,133,0.99236641221374,0.984732824427481,1.0077519379845,0.00763358778625956
3171,132,132,131,132,1,0.992424242424242,1.00763358778626,0.00757575757575757
3172,161,132,161,103,0.819875776397516,1,0.819875776397516,-0.180124223602484
3173,132,132,132,132,1,1,1,0
3174,132,132,130,132,1,0.984848484848485,1.01538461538462,0.0151515151515151
3175,132,132,131,132,1,0.992424242424242,1.00763358778626,0.00757575757575757
3201,259,258,198,5,0.996138996138996,0.764478764478765,1.3030303030303,0.231660231660232
3202,262,261,251,2,0.99618320610687,0.958015267175572,1.0398406374502,0.0381679389312978
3203,263,259,254,1,0.984790874524715,0.965779467680608,1.01968503937008,0.0190114068441064
3204,259,256,190,5,0.988416988416988,0.733590733590734,1.34736842105263,0.254826254826255
3205,264,263,248,0,0.996212121212121,0.939393939393939,1.06048387096774,0.0568181818181818
3206,264,260,257,0,0.984848484848485,0.973484848484848,1.01167315175097,0.0113636363636364
3207,264,263,256,0,0.996212121212121,0.96969696969697,1.02734375,0.0265151515151515
3208,264,262,252,0,0.992424242424242,0.954545454545455,1.03968253968254,0.0378787878787878
3209,263,262,181,1,0.996197718631179,0.688212927756654,1.4475138121547,0.307984790874525
3210,264,263,249,0,0.996212121212121,0.943181818181818,1.05622489959839,0.053030303030303
3211,264,261,252,0,0.988636363636364,0.954545454545455,1.03571428571429,0.0340909090909091
3212,264,261,254,0,0.988636363636364,0.962121212121212,1.02755905511811,0.0265151515151515
3213,264,261,258,0,0.988636363636364,0.977272727272727,1.01162790697674,0.0113636363636364
3214,262,260,237,2,0.99236641221374,0.904580152671756,1.09704641350211,0.0877862595419847
3215,263,262,235,1,0.996197718631179,0.893536121673004,1.11489361702128,0.102661596958175
3216,257,255,207,7,0.992217898832685,0.805447470817121,1.23188405797101,0.186770428015564
3217,263,263,204,1,1,0.775665399239544,1.28921568627451,0.224334600760456
3218,263,261,256,1,0.992395437262357,0.973384030418251,1.01953125,0.0190114068441065
3271,132,132,132,132,1,1,1,0
3272,132,132,131,132,1,0.992424242424242,1.00763358778626,0.00757575757575757
3273,132,132,130,132,1,0.984848484848485,1.01538461538462,0.0151515151515151
3274,132,130,131,132,0.984848484848485,0.992424242424242,0.99236641221374,-0.00757575757575757
3275,132,132,132,132,1,1,1,0
3276,132,132,131,132,1,0.992424242424242,1.00763358778626,0.00757575757575757
3277,132,131,132,132,0.992424242424242,1,0.992424242424242,-0.00757575757575757
3278,215,196,172,49,0.911627906976744,0.8,1.13953488372093,0.111627906976744
3279,233,220,174,31,0.944206008583691,0.746781115879828,1.26436781609195,0.197424892703863
3301,264,263,260,0,0.996212121212121,0.984848484848485,1.01153846153846,0.0113636363636364
3302,264,264,244,0,1,0.924242424242424,1.08196721311475,0.0757575757575758
3303,263,262,254,1,0.996197718631179,0.965779467680608,1.03149606299213,0.0304182509505703
3304,264,260,260,0,0.984848484848485,0.984848484848485,1,0
3305,264,264,263,0,1,0.996212121212121,1.00380228136882,0.00378787878787878
3306,263,255,260,1,0.96958174904943,0.988593155893536,0.980769230769231,-0.0190114068441065
3307,264,258,261,0,0.977272727272727,0.988636363636364,0.988505747126437,-0.0113636363636364
3308,264,263,260,0,0.996212121212121,0.984848484848485,1.01153846153846,0.0113636363636364
3309,264,262,261,0,0.992424242424242,0.988636363636364,1.00383141762452,0.00378787878787878
3310,262,258,196,2,0.984732824427481,0.748091603053435,1.31632653061225,0.236641221374046
3311,258,253,215,6,0.98062015503876,0.833333333333333,1.17674418604651,0.147286821705426
3312,264,259,262,0,0.981060606060606,0.992424242424242,0.988549618320611,-0.0113636363636364
3313,264,264,256,0,1,0.96969696969697,1.03125,0.0303030303030303
3314,264,264,263,0,1,0.996212121212121,1.00380228136882,0.00378787878787878
3315,264,262,261,0,0.992424242424242,0.988636363636364,1.00383141762452,0.00378787878787878
3316,263,262,262,1,0.996197718631179,0.996197718631179,1,0
3317,263,260,259,1,0.988593155893536,0.984790874524715,1.003861003861,0.00380228136882133
3318,264,263,260,0,0.996212121212121,0.984848484848485,1.01153846153846,0.0113636363636364
3319,257,253,198,7,0.98443579766537,0.770428015564202,1.27777777777778,0.214007782101167
3320,263,259,244,1,0.984790874524715,0.927756653992395,1.06147540983607,0.0570342205323193
3321,264,260,250,0,0.984848484848485,0.946969696969697,1.04,0.0378787878787878
3322,263,263,253,1,1,0.961977186311787,1.0395256916996,0.0380228136882129
3323,264,261,263,0,0.988636363636364,0.996212121212121,0.992395437262357,-0.00757575757575757
3324,264,261,248,0,0.988636363636364,0.939393939393939,1.05241935483871,0.0492424242424242
3325,264,264,257,0,1,0.973484848484848,1.0272373540856,0.0265151515151515
3326,264,262,252,0,0.992424242424242,0.954545454545455,1.03968253968254,0.0378787878787878
3327,263,262,244,1,0.996197718631179,0.927756653992395,1.07377049180328,0.0684410646387832
3328,263,262,233,1,0.996197718631179,0.885931558935361,1.1244635193133,0.110266159695817
3329,264,264,251,0,1,0.950757575757576,1.05179282868526,0.0492424242424242
3371,132,132,132,132,1,1,1,0
3372,132,132,132,132,1,1,1,0
3373,132,132,132,132,1,1,1,0
3374,225,211,171,39,0.937777777777778,0.76,1.23391812865497,0.177777777777778
3375,132,131,129,132,0.992424242424242,0.977272727272727,1.01550387596899,0.0151515151515151
3376,132,132,132,132,1,1,1,0
3401,264,259,258,0,0.981060606060606,0.977272727272727,1.00387596899225,0.00378787878787878
3402,219,198,173,45,0.904109589041096,0.789954337899543,1.14450867052023,0.114155251141552
3403,264,262,264,0,0.992424242424242,1,0.992424242424242,-0.00757575757575757
3404,244,238,168,20,0.975409836065574,0.688524590163934,1.41666666666667,0.286885245901639
3471,132,132,132,132,1,1,1,0
3501,264,246,264,0,0.931818181818182,1,0.931818181818182,-0.0681818181818182
3502,264,262,264,0,0.992424242424242,1,0.992424242424242,-0.00757575757575757
3503,264,264,260,0,1,0.984848484848485,1.01538461538462,0.0151515151515151
3504,264,261,256,0,0.988636363636364,0.96969696969697,1.01953125,0.0189393939393939
3505,264,264,259,0,1,0.981060606060606,1.01930501930502,0.0189393939393939
3506,263,263,251,1,1,0.954372623574145,1.04780876494024,0.0456273764258555
3507,264,264,253,0,1,0.958333333333333,1.04347826086957,0.0416666666666666
3508,264,262,262,0,0.992424242424242,0.992424242424242,1,0
3509,264,264,249,0,1,0.943181818181818,1.06024096385542,0.0568181818181818
3510,264,264,253,0,1,0.958333333333333,1.04347826086957,0.0416666666666666
3511,264,262,256,0,0.992424242424242,0.96969696969697,1.0234375,0.0227272727272727
3512,264,262,259,0,0.992424242424242,0.981060606060606,1.01158301158301,0.0113636363636364
3513,263,262,259,1,0.996197718631179,0.984790874524715,1.01158301158301,0.0114068441064639
3514,263,262,251,1,0.996197718631179,0.954372623574145,1.04382470119522,0.0418250950570341
3515,226,217,164,38,0.960176991150442,0.725663716814159,1.32317073170732,0.234513274336283
3516,263,260,232,1,0.988593155893536,0.88212927756654,1.12068965517241,0.106463878326996
3517,262,261,238,2,0.99618320610687,0.908396946564885,1.09663865546219,0.0877862595419848
3518,264,262,259,0,0.992424242424242,0.981060606060606,1.01158301158301,0.0113636363636364
3519,264,264,256,0,1,0.96969696969697,1.03125,0.0303030303030303
3520,264,263,262,0,0.996212121212121,0.992424242424242,1.00381679389313,0.00378787878787878
3521,263,256,260,1,0.973384030418251,0.988593155893536,0.984615384615384,-0.0152091254752852
3522,264,262,262,0,0.992424242424242,0.992424242424242,1,0
3523,264,259,263,0,0.981060606060606,0.996212121212121,0.984790874524715,-0.0151515151515151
3524,263,259,261,1,0.984790874524715,0.992395437262357,0.992337164750958,-0.00760456273764265
3525,263,263,237,1,1,0.901140684410646,1.10970464135021,0.0988593155893536
3526,262,258,257,2,0.984732824427481,0.980916030534351,1.00389105058366,0.00381679389312972
3527,261,251,258,3,0.961685823754789,0.988505747126437,0.972868217054264,-0.0268199233716475
3528,264,260,254,0,0.984848484848485,0.962121212121212,1.02362204724409,0.0227272727272727
3529,264,251,259,0,0.950757575757576,0.981060606060606,0.969111969111969,-0.0303030303030303
3571,132,132,132,132,1,1,1,0
3572,132,131,132,132,0.992424242424242,1,0.992424242424242,-0.00757575757575757
3573,132,132,131,132,1,0.992424242424242,1.00763358778626,0.00757575757575757
3574,131,131,130,133,1,0.99236641221374,1.00769230769231,0.00763358778625956
3575,132,131,131,132,0.992424242424242,0.992424242424242,1,0
3576,132,132,132,132,1,1,1,0
3577,132,132,132,132,1,1,1,0
3578,132,132,132,132,1,1,1,0
3579,247,240,200,17,0.97165991902834,0.809716599190283,1.2,0.161943319838057
3601,263,259,251,1,0.984790874524715,0.954372623574145,1.03187250996016,0.0304182509505703
3602,264,249,258,0,0.943181818181818,0.977272727272727,0.965116279069768,-0.0340909090909091
3603,257,254,159,7,0.988326848249027,0.618677042801556,1.59748427672956,0.369649805447471
3604,263,259,253,1,0.984790874524715,0.961977186311787,1.02371541501976,0.0228136882129277
3671,132,132,129,132,1,0.977272727272727,1.02325581395349,0.0227272727272727
3672,130,128,127,134,0.984615384615385,0.976923076923077,1.00787401574803,0.00769230769230778
3673,255,253,197,9,0.992156862745098,0.772549019607843,1.28426395939086,0.219607843137255
3674,132,131,132,132,0.992424242424242,1,0.992424242424242,-0.00757575757575757
5101,264,263,245,0,0.996212121212121,0.928030303030303,1.0734693877551,0.0681818181818182
5102,264,263,259,0,0.996212121212121,0.981060606060606,1.01544401544402,0.0151515151515151
5103,253,208,233,11,0.822134387351779,0.920948616600791,0.892703862660944,-0.0988142292490118
5104,263,256,257,1,0.973384030418251,0.977186311787072,0.996108949416342,-0.00380228136882133
5105,264,262,255,0,0.992424242424242,0.965909090909091,1.02745098039216,0.0265151515151515
5106,263,260,261,1,0.988593155893536,0.992395437262357,0.996168582375479,-0.00380228136882133
5107,264,258,262,0,0.977272727272727,0.992424242424242,0.984732824427481,-0.0151515151515151
5108,264,262,260,0,0.992424242424242,0.984848484848485,1.00769230769231,0.00757575757575757
5171,132,132,132,132,1,1,1,0
5201,260,252,235,4,0.969230769230769,0.903846153846154,1.07234042553191,0.0653846153846154
5202,264,259,240,0,0.981060606060606,0.909090909090909,1.07916666666667,0.071969696969697
5203,264,262,241,0,0.992424242424242,0.912878787878788,1.08713692946058,0.0795454545454546
5204,263,256,254,1,0.973384030418251,0.965779467680608,1.00787401574803,0.00760456273764254
5205,260,245,248,4,0.942307692307692,0.953846153846154,0.987903225806452,-0.0115384615384616
5206,256,231,249,8,0.90234375,0.97265625,0.927710843373494,-0.0703125
5207,259,251,244,5,0.969111969111969,0.942084942084942,1.02868852459016,0.027027027027027
5208,257,227,253,7,0.883268482490272,0.98443579766537,0.897233201581028,-0.101167315175097
5271,132,132,131,132,1,0.992424242424242,1.00763358778626,0.00757575757575757
5272,255,248,214,9,0.972549019607843,0.83921568627451,1.1588785046729,0.133333333333333
5301,256,249,240,8,0.97265625,0.9375,1.0375,0.03515625
5302,260,254,236,4,0.976923076923077,0.907692307692308,1.07627118644068,0.0692307692307692
5303,241,206,229,23,0.854771784232365,0.950207468879668,0.899563318777293,-0.0954356846473029
5304,237,208,205,27,0.877637130801688,0.864978902953587,1.01463414634146,0.0126582278481013
5305,248,210,225,16,0.846774193548387,0.907258064516129,0.933333333333333,-0.0604838709677419
5306,260,249,256,4,0.957692307692308,0.984615384615385,0.97265625,-0.0269230769230769
5307,255,239,238,9,0.937254901960784,0.933333333333333,1.00420168067227,0.00392156862745097
5308,260,243,241,4,0.934615384615385,0.926923076923077,1.00829875518672,0.00769230769230767
5309,263,245,241,1,0.931558935361217,0.916349809885931,1.01659751037344,0.0152091254752852
5310,262,252,256,2,0.961832061068702,0.977099236641221,0.984375,-0.015267175572519
5311,263,257,247,1,0.977186311787072,0.939163498098859,1.04048582995951,0.0380228136882129
5312,252,243,217,12,0.964285714285714,0.861111111111111,1.11981566820276,0.103174603174603
5313,253,249,200,11,0.984189723320158,0.790513833992095,1.245,0.193675889328063
5314,236,214,192,28,0.906779661016949,0.813559322033898,1.11458333333333,0.0932203389830508
5315,235,204,213,29,0.868085106382979,0.906382978723404,0.95774647887324,-0.0382978723404255
5316,132,131,131,132,0.992424242424242,0.992424242424242,1,0
5317,226,207,188,38,0.915929203539823,0.831858407079646,1.10106382978723,0.084070796460177
5318,227,201,204,37,0.885462555066079,0.898678414096916,0.985294117647059,-0.013215859030837
5319,171,131,170,93,0.766081871345029,0.994152046783626,0.770588235294118,-0.228070175438596
5320,219,207,163,45,0.945205479452055,0.744292237442922,1.26993865030675,0.200913242009132
5321,232,205,191,32,0.883620689655172,0.823275862068966,1.07329842931937,0.0603448275862069
5371,222,212,163,42,0.954954954954955,0.734234234234234,1.30061349693252,0.220720720720721
6101,263,258,255,1,0.980988593155893,0.96958174904943,1.01176470588235,0.0114068441064639
6102,231,199,206,33,0.861471861471862,0.891774891774892,0.966019417475728,-0.0303030303030303
6103,234,207,212,30,0.884615384615385,0.905982905982906,0.976415094339623,-0.0213675213675214
6104,264,260,254,0,0.984848484848485,0.962121212121212,1.02362204724409,0.0227272727272727
6105,259,252,231,5,0.972972972972973,0.891891891891892,1.09090909090909,0.0810810810810811
6106,260,254,238,4,0.976923076923077,0.915384615384615,1.0672268907563,0.0615384615384615
6107,258,242,235,6,0.937984496124031,0.910852713178295,1.02978723404255,0.0271317829457365
6108,244,204,230,20,0.836065573770492,0.942622950819672,0.886956521739131,-0.10655737704918
6109,234,199,202,30,0.85042735042735,0.863247863247863,0.985148514851485,-0.0128205128205129
6110,251,236,216,13,0.940239043824701,0.860557768924303,1.09259259259259,0.0796812749003984
6111,240,212,193,24,0.883333333333333,0.804166666666667,1.09844559585492,0.0791666666666666
6112,261,252,247,3,0.96551724137931,0.946360153256705,1.02024291497976,0.0191570881226054
6171,132,132,130,132,1,0.984848484848485,1.01538461538462,0.0151515151515151
6172,257,251,235,7,0.976653696498054,0.914396887159533,1.06808510638298,0.0622568093385214
6201,258,250,239,6,0.968992248062015,0.926356589147287,1.04602510460251,0.0426356589147287
6202,260,246,253,4,0.946153846153846,0.973076923076923,0.972332015810277,-0.0269230769230769
6203,263,257,244,1,0.977186311787072,0.927756653992395,1.05327868852459,0.0494296577946768
6204,254,242,238,10,0.952755905511811,0.937007874015748,1.01680672268908,0.015748031496063
6205,260,245,250,4,0.942307692307692,0.961538461538461,0.98,-0.0192307692307693
6206,252,233,236,12,0.924603174603175,0.936507936507937,0.98728813559322,-0.0119047619047619
6207,237,221,207,27,0.932489451476793,0.873417721518987,1.06763285024155,0.059071729957806
6208,251,228,229,13,0.908366533864542,0.912350597609562,0.995633187772926,-0.00398406374501992
6209,256,241,237,8,0.94140625,0.92578125,1.0168776371308,0.015625
6210,250,232,206,14,0.928,0.824,1.12621359223301,0.104
6211,256,236,227,8,0.921875,0.88671875,1.03964757709251,0.03515625
6212,256,248,227,8,0.96875,0.88671875,1.09251101321586,0.08203125
6213,252,230,239,12,0.912698412698413,0.948412698412698,0.96234309623431,-0.0357142857142857
6271,220,200,176,44,0.909090909090909,0.8,1.13636363636364,0.109090909090909
6301,263,251,248,1,0.954372623574145,0.94296577946768,1.01209677419355,0.011406844106464
6302,254,241,240,10,0.948818897637795,0.944881889763779,1.00416666666667,0.00393700787401574
6303,263,256,254,1,0.973384030418251,0.965779467680608,1.00787401574803,0.00760456273764254
6304,256,250,242,8,0.9765625,0.9453125,1.03305785123967,0.03125
6305,256,246,241,8,0.9609375,0.94140625,1.0207468879668,0.01953125
6306,262,254,254,2,0.969465648854962,0.969465648854962,1,0
6307,261,251,255,3,0.961685823754789,0.977011494252874,0.984313725490196,-0.0153256704980843
6308,263,254,256,1,0.965779467680608,0.973384030418251,0.9921875,-0.00760456273764254
6309,258,247,247,6,0.957364341085271,0.957364341085271,1,0
6310,263,256,237,1,0.973384030418251,0.901140684410646,1.08016877637131,0.0722433460076045
6311,235,195,210,29,0.829787234042553,0.893617021276596,0.928571428571429,-0.0638297872340425
6371,132,132,132,132,1,1,1,0
6372,132,132,130,132,1,0.984848484848485,1.01538461538462,0.0151515151515151
6401,258,246,237,6,0.953488372093023,0.918604651162791,1.0379746835443,0.0348837209302326
6402,257,248,240,7,0.964980544747082,0.933852140077821,1.03333333333333,0.0311284046692607
6403,261,255,245,3,0.977011494252874,0.938697318007663,1.04081632653061,0.0383141762452107
6404,258,252,244,6,0.976744186046512,0.945736434108527,1.0327868852459,0.0310077519379844
6405,256,248,239,8,0.96875,0.93359375,1.03765690376569,0.03515625
6409,263,259,249,1,0.984790874524715,0.946768060836502,1.04016064257028,0.0380228136882129
6411,244,224,186,20,0.918032786885246,0.762295081967213,1.20430107526882,0.155737704918033
6471,132,132,129,132,1,0.977272727272727,1.02325581395349,0.0227272727272727
6472,229,208,176,35,0.908296943231441,0.768558951965066,1.18181818181818,0.139737991266376
6474,132,131,126,132,0.992424242424242,0.954545454545455,1.03968253968254,0.0378787878787878
6501,256,244,242,8,0.953125,0.9453125,1.00826446280992,0.0078125
6502,262,254,242,2,0.969465648854962,0.923664122137404,1.0495867768595,0.0458015267175572
6503,255,246,224,9,0.964705882352941,0.87843137254902,1.09821428571429,0.0862745098039216
6504,259,253,231,5,0.976833976833977,0.891891891891892,1.0952380952381,0.084942084942085
6571,216,198,162,48,0.916666666666667,0.75,1.22222222222222,0.166666666666667
7101,250,199,241,14,0.796,0.964,0.825726141078838,-0.168
7102,264,261,262,0,0.988636363636364,0.992424242424242,0.99618320610687,-0.00378787878787878
7103,264,261,250,0,0.988636363636364,0.946969696969697,1.044,0.0416666666666666
7104,254,240,218,10,0.944881889763779,0.858267716535433,1.10091743119266,0.0866141732283464
7105,261,257,219,3,0.984674329501916,0.839080459770115,1.17351598173516,0.145593869731801
7106,262,257,258,2,0.980916030534351,0.984732824427481,0.996124031007752,-0.00381679389312972
7107,258,217,254,6,0.84108527131783,0.984496124031008,0.854330708661417,-0.143410852713178
7108,261,259,239,3,0.992337164750958,0.915708812260536,1.0836820083682,0.0766283524904216
7109,258,176,254,6,0.682170542635659,0.984496124031008,0.692913385826772,-0.302325581395349
7110,248,195,238,16,0.786290322580645,0.959677419354839,0.819327731092437,-0.173387096774194
7111,255,216,245,9,0.847058823529412,0.96078431372549,0.881632653061224,-0.113725490196078
7171,213,202,163,51,0.948356807511737,0.765258215962441,1.23926380368098,0.183098591549296
7172,243,213,220,21,0.876543209876543,0.905349794238683,0.968181818181818,-0.0288065843621399
7173,262,251,231,2,0.958015267175572,0.881679389312977,1.08658008658009,0.0763358778625954
7174,256,255,190,8,0.99609375,0.7421875,1.34210526315789,0.25390625
7201,234,210,207,30,0.897435897435897,0.884615384615385,1.01449275362319,0.0128205128205129
7202,257,245,250,7,0.953307392996109,0.972762645914397,0.98,-0.0194552529182879
7203,247,186,240,17,0.753036437246964,0.97165991902834,0.775,-0.218623481781377
7204,258,252,241,6,0.976744186046512,0.934108527131783,1.04564315352697,0.0426356589147287
7205,255,204,250,9,0.8,0.980392156862745,0.816,-0.180392156862745
7206,262,253,253,2,0.965648854961832,0.965648854961832,1,0
7207,254,245,223,10,0.964566929133858,0.877952755905512,1.09865470852018,0.0866141732283464
7208,257,247,219,7,0.961089494163424,0.852140077821012,1.12785388127854,0.108949416342413
7209,251,241,226,13,0.960159362549801,0.900398406374502,1.06637168141593,0.0597609561752989
7210,257,232,250,7,0.90272373540856,0.972762645914397,0.928,-0.0700389105058366
7211,254,243,234,10,0.956692913385827,0.921259842519685,1.03846153846154,0.0354330708661417
7212,253,227,223,11,0.897233201581028,0.881422924901186,1.01793721973094,0.0158102766798419
7271,225,213,158,39,0.946666666666667,0.702222222222222,1.34810126582279,0.244444444444444
7301,253,242,228,11,0.956521739130435,0.901185770750988,1.06140350877193,0.0553359683794467
7302,263,258,253,1,0.980988593155893,0.961977186311787,1.0197628458498,0.0190114068441064
7303,263,247,257,1,0.939163498098859,0.977186311787072,0.961089494163424,-0.0380228136882129
7304,260,247,247,4,0.95,0.95,1,0
7305,262,244,258,2,0.931297709923664,0.984732824427481,0.945736434108527,-0.0534351145038168
7306,263,254,254,1,0.965779467680608,0.965779467680608,1,0
7307,262,249,258,2,0.950381679389313,0.984732824427481,0.965116279069768,-0.0343511450381679
7308,264,261,258,0,0.988636363636364,0.977272727272727,1.01162790697674,0.0113636363636364
7309,262,252,257,2,0.961832061068702,0.980916030534351,0.980544747081712,-0.0190839694656488
7310,261,253,255,3,0.969348659003831,0.977011494252874,0.992156862745098,-0.00766283524904221
7311,264,262,255,0,0.992424242424242,0.965909090909091,1.02745098039216,0.0265151515151515
7312,264,253,261,0,0.958333333333333,0.988636363636364,0.969348659003832,-0.0303030303030303
7313,260,257,252,4,0.988461538461539,0.969230769230769,1.01984126984127,0.0192307692307693
7314,264,260,254,0,0.984848484848485,0.962121212121212,1.02362204724409,0.0227272727272727
7315,262,255,259,2,0.973282442748092,0.988549618320611,0.984555984555984,-0.0152671755725191
7316,255,236,240,9,0.925490196078431,0.941176470588235,0.983333333333333,-0.0156862745098039
7317,262,244,255,2,0.931297709923664,0.973282442748092,0.956862745098039,-0.0419847328244275
7318,259,241,242,5,0.930501930501931,0.934362934362934,0.995867768595041,-0.00386100386100385
7322,252,238,241,12,0.944444444444444,0.956349206349206,0.987551867219917,-0.011904761904762
7325,258,244,252,6,0.945736434108527,0.976744186046512,0.968253968253968,-0.0310077519379844
7326,264,249,252,0,0.943181818181818,0.954545454545455,0.988095238095238,-0.0113636363636364
7371,197,177,167,67,0.898477157360406,0.847715736040609,1.05988023952096,0.050761421319797
7372,219,202,174,45,0.922374429223744,0.794520547945206,1.16091954022989,0.127853881278539
7373,260,245,233,4,0.942307692307692,0.896153846153846,1.05150214592275,0.0461538461538461
7401,249,195,244,15,0.783132530120482,0.979919678714859,0.799180327868852,-0.196787148594378
7402,261,252,244,3,0.96551724137931,0.934865900383142,1.0327868852459,0.0306513409961686
7403,260,250,232,4,0.961538461538461,0.892307692307692,1.07758620689655,0.0692307692307692
7404,259,255,246,5,0.984555984555985,0.94980694980695,1.03658536585366,0.0347490347490348
7405,237,208,209,27,0.877637130801688,0.881856540084388,0.995215311004785,-0.00421940928270037
7406,242,215,221,22,0.888429752066116,0.913223140495868,0.972850678733032,-0.024793388429752
7407,260,214,251,4,0.823076923076923,0.965384615384615,0.852589641434263,-0.142307692307692
7408,245,219,227,19,0.893877551020408,0.926530612244898,0.964757709251101,-0.0326530612244899
7409,250,235,217,14,0.94,0.868,1.08294930875576,0.072
7410,204,187,159,60,0.916666666666667,0.779411764705882,1.17610062893082,0.137254901960784
7411,221,200,189,43,0.904977375565611,0.855203619909502,1.05820105820106,0.0497737556561086
7412,247,239,199,17,0.967611336032389,0.805668016194332,1.20100502512563,0.161943319838057
7413,212,132,209,52,0.622641509433962,0.985849056603774,0.631578947368421,-0.363207547169811
7414,262,233,252,2,0.889312977099237,0.961832061068702,0.924603174603175,-0.0725190839694657
7415,240,131,237,24,0.545833333333333,0.9875,0.552742616033755,-0.441666666666667
7471,223,201,184,41,0.901345291479821,0.825112107623319,1.09239130434783,0.0762331838565022
7472,254,240,243,10,0.944881889763779,0.956692913385827,0.987654320987654,-0.0118110236220472
7501,252,208,242,12,0.825396825396825,0.96031746031746,0.859504132231405,-0.134920634920635
7502,261,254,258,3,0.973180076628353,0.988505747126437,0.984496124031008,-0.0153256704980843
7503,256,239,239,8,0.93359375,0.93359375,1,0
7504,262,258,250,2,0.984732824427481,0.954198473282443,1.032,0.0305343511450381
7505,247,216,227,17,0.874493927125506,0.919028340080972,0.951541850220264,-0.0445344129554656
7571,229,213,175,35,0.930131004366812,0.764192139737991,1.21714285714286,0.165938864628821
7601,262,256,256,2,0.977099236641221,0.977099236641221,1,0
7602,264,259,255,0,0.981060606060606,0.965909090909091,1.0156862745098,0.0151515151515151
7603,229,197,212,35,0.860262008733625,0.925764192139738,0.929245283018868,-0.0655021834061136
7604,254,242,241,10,0.952755905511811,0.948818897637795,1.00414937759336,0.00393700787401574
7605,239,211,221,25,0.882845188284519,0.924686192468619,0.954751131221719,-0.0418410041841004
7606,213,130,210,51,0.610328638497653,0.985915492957746,0.619047619047619,-0.375586854460094
8101,262,260,237,2,0.99236641221374,0.904580152671756,1.09704641350211,0.0877862595419847
8102,261,254,242,3,0.973180076628353,0.9272030651341,1.0495867768595,0.0459770114942528
8103,262,257,243,2,0.980916030534351,0.927480916030534,1.05761316872428,0.0534351145038168
8104,253,245,239,11,0.968379446640316,0.944664031620553,1.02510460251046,0.0237154150197628
8105,257,250,239,7,0.972762645914397,0.929961089494163,1.04602510460251,0.0428015564202334
8106,252,203,246,12,0.805555555555556,0.976190476190476,0.82520325203252,-0.170634920634921
8107,250,224,224,14,0.896,0.896,1,0
8108,233,222,204,31,0.952789699570815,0.875536480686695,1.08823529411765,0.0772532188841202
8109,212,179,187,52,0.84433962264151,0.882075471698113,0.957219251336898,-0.0377358490566038
8171,238,216,182,26,0.907563025210084,0.764705882352941,1.18681318681319,0.142857142857143
8172,259,248,246,5,0.957528957528958,0.94980694980695,1.00813008130081,0.00772200772200771
8201,259,227,253,5,0.876447876447877,0.976833976833977,0.897233201581028,-0.1003861003861
8202,251,230,228,13,0.916334661354582,0.908366533864542,1.00877192982456,0.00796812749003983
8203,250,220,230,14,0.88,0.92,0.956521739130435,-0.04
8204,247,207,237,17,0.838056680161943,0.959514170040486,0.873417721518987,-0.121457489878542
8205,258,249,245,6,0.965116279069768,0.949612403100775,1.01632653061224,0.0155038759689923
8206,245,220,229,19,0.897959183673469,0.93469387755102,0.960698689956332,-0.036734693877551
8207,252,213,243,12,0.845238095238095,0.964285714285714,0.876543209876543,-0.119047619047619
8208,228,127,224,36,0.557017543859649,0.982456140350877,0.566964285714286,-0.425438596491228
8271,252,243,190,12,0.964285714285714,0.753968253968254,1.27894736842105,0.21031746031746
8272,259,257,244,5,0.992277992277992,0.942084942084942,1.05327868852459,0.0501930501930502
9101,255,246,230,9,0.964705882352941,0.901960784313725,1.0695652173913,0.0627450980392157
9102,253,242,225,11,0.956521739130435,0.889328063241107,1.07555555555556,0.0671936758893281
9103,216,129,211,48,0.597222222222222,0.976851851851852,0.611374407582938,-0.37962962962963
9104,250,241,228,14,0.964,0.912,1.05701754385965,0.0519999999999999
9105,259,252,232,5,0.972972972972973,0.895752895752896,1.08620689655172,0.0772200772200773
9106,232,131,224,32,0.564655172413793,0.96551724137931,0.584821428571429,-0.400862068965517
9107,258,224,238,6,0.868217054263566,0.922480620155039,0.941176470588235,-0.0542635658914729
9108,225,130,215,39,0.577777777777778,0.955555555555556,0.604651162790698,-0.377777777777778
9109,137,119,129,127,0.868613138686131,0.941605839416058,0.922480620155039,-0.0729927007299269
9110,157,131,142,107,0.834394904458599,0.904458598726115,0.922535211267606,-0.0700636942675159
9111,231,190,213,33,0.822510822510823,0.922077922077922,0.892018779342723,-0.0995670995670995
9112,130,121,119,134,0.930769230769231,0.915384615384615,1.01680672268908,0.0153846153846154
9171,241,233,161,23,0.966804979253112,0.66804979253112,1.4472049689441,0.298755186721992
9401,262,256,243,2,0.977099236641221,0.927480916030534,1.05349794238683,0.0496183206106869
9402,228,226,109,36,0.991228070175439,0.478070175438597,2.07339449541284,0.513157894736842
9403,259,249,240,5,0.961389961389961,0.926640926640927,1.0375,0.0347490347490347
9404,253,249,233,11,0.984189723320158,0.920948616600791,1.068669527897,0.0632411067193676
9408,262,259,247,2,0.988549618320611,0.942748091603053,1.04858299595142,0.0458015267175573
9409,263,259,245,1,0.984790874524715,0.931558935361217,1.05714285714286,0.0532319391634981
9410,115,113,26,149,0.982608695652174,0.226086956521739,4.34615384615385,0.756521739130435
9411,130,98,107,134,0.753846153846154,0.823076923076923,0.91588785046729,-0.0692307692307692
9412,257,235,241,7,0.914396887159533,0.937743190661479,0.975103734439834,-0.0233463035019456
9413,225,223,155,39,0.991111111111111,0.688888888888889,1.43870967741935,0.302222222222222
9414,228,206,202,36,0.903508771929825,0.885964912280702,1.01980198019802,0.0175438596491229
9415,220,198,179,44,0.9,0.813636363636364,1.10614525139665,0.0863636363636364
9416,201,196,118,63,0.975124378109453,0.587064676616915,1.66101694915254,0.388059701492537
9417,150,120,107,114,0.8,0.713333333333333,1.1214953271028,0.0866666666666667
9418,136,112,124,128,0.823529411764706,0.911764705882353,0.903225806451613,-0.0882352941176471
9419,235,195,221,29,0.829787234042553,0.940425531914894,0.882352941176471,-0.11063829787234
9420,221,131,214,43,0.592760180995475,0.968325791855204,0.61214953271028,-0.375565610859729
9426,250,228,230,14,0.912,0.92,0.991304347826087,-0.00800000000000001
9427,256,249,186,8,0.97265625,0.7265625,1.33870967741935,0.24609375
9428,195,121,187,69,0.620512820512821,0.958974358974359,0.647058823529412,-0.338461538461539
9429,204,114,194,60,0.558823529411765,0.950980392156863,0.587628865979382,-0.392156862745098
9430,147,112,50,117,0.761904761904762,0.340136054421769,2.24,0.421768707482993
9431,133,120,24,131,0.902255639097744,0.180451127819549,5,0.721804511278195
9432,129,115,117,135,0.891472868217054,0.906976744186047,0.982905982905983,-0.0155038759689922
9433,114,114,20,150,1,0.175438596491228,5.7,0.824561403508772
9434,180,125,163,84,0.694444444444445,0.905555555555556,0.766871165644172,-0.211111111111111
9435,112,107,85,152,0.955357142857143,0.758928571428571,1.25882352941177,0.196428571428572
9436,180,118,160,84,0.655555555555556,0.888888888888889,0.7375,-0.233333333333333
9471,225,211,161,39,0.937777777777778,0.715555555555556,1.31055900621118,0.222222222222222
